manufacturer_id,make,vehicle_count,avg_price,avg_horsepower,avg_city_mpg,avg_highway_mpg,dominant_fuel_type,dominant_body_style
1,alfa-romero,3,15498.33,125.33,20.33,26.67,gas,convertible
2,audi,7,17859.17,121.0,18.86,24.14,gas,sedan
3,bmw,8,26118.75,138.88,19.38,25.38,gas,sedan
4,chevrolet,3,6007.0,62.67,41.0,46.33,gas,hatchback
5,dodge,9,7875.44,86.33,28.0,34.11,gas,hatchback
6,honda,13,8184.69,80.23,30.38,35.46,gas,hatchback
7,isuzu,4,8916.5,77.0,31.0,36.0,gas,sedan
8,jaguar,3,34600.0,204.67,14.33,18.33,gas,sedan
9,mazda,17,10652.88,85.53,25.71,31.94,gas,hatchback
10,mercedes-benz,8,33647.0,146.25,18.5,21.0,diesel,sedan
11,mercury,1,16503.0,175.0,19.0,24.0,gas,hatchback
12,mitsubishi,13,9239.77,104.08,24.92,31.15,gas,hatchback
13,nissan,18,10415.67,102.56,27.0,32.94,gas,sedan
14,peugot,11,15489.09,99.82,22.45,26.64,gas,sedan
15,plymouth,7,7963.43,86.71,28.14,34.14,gas,hatchback
16,porsche,5,31400.5,210.4,17.4,26.0,gas,hardtop
17,renault,2,9595.0,,23.0,31.0,gas,hatchback
18,saab,6,15223.33,126.67,20.33,27.33,gas,hatchback
19,subaru,12,8541.25,86.25,26.33,30.75,gas,sedan
20,toyota,32,9885.81,92.78,27.5,32.91,gas,hatchback
21,volkswagen,12,10077.5,81.08,28.58,34.92,gas,sedan
22,volvo,11,18063.18,128.0,21.18,25.82,gas,sedan
